Model,R²,RMSE(log),MAE(log),RMSE(actual),MAE(actual),Train(s)
Ridge Regression,0.9999729804072633,0.011812879049053726,0.007085813761893833,689728.4673455762,149730.75778502066,0.0
Gradient Boosting,0.9991798363800322,0.06508285690127168,0.03226110744939326,7389975.929700442,1337646.8537440991,1.9
Random Forest,0.9975553349727057,0.11236370161351067,0.042422640398401885,12052129.85952939,1870914.5195937809,0.29
